Date,Open,Close
2011-10-17,1224.469971,1200.859985
2011-10-18,1200.750000,1225.380005
2011-10-19,1223.459961,1209.880005
2011-10-20,1209.920044,1215.390015
2011-10-21,1215.390015,1238.250000
2011-10-24,1238.719971,1254.189941
2011-10-25,1254.189941,1229.050049
2011-10-26,1229.170044,1242.000000
2011-10-27,1243.969971,1284.589966
2011-10-28,1284.390015,1285.089966
2011-10-31,1284.959961,1253.300049
2011-11-01,1251.000000,1218.280029
2011-11-02,1219.619995,1237.900024
2011-11-03,1238.250000,1261.150024
2011-11-04,1260.819946,1253.229980
2011-11-07,1253.209961,1261.119995
2011-11-08,1261.119995,1275.920044
2011-11-09,1275.180054,1229.099976
2011-11-10,1229.589966,1239.699951
2011-11-11,1240.119995,1263.849976
2011-11-14,1263.849976,1251.780029
2011-11-15,1251.699951,1257.810059
2011-11-16,1257.810059,1236.910034
2011-11-17,1236.560059,1216.130005
2011-11-18,1216.189941,1215.650024
2011-11-21,1215.619995,1192.979980
2011-11-22,1192.979980,1188.040039
2011-11-23,1187.479980,1161.790039
2011-11-25,1161.410034,1158.670044
2011-11-28,1158.670044,1192.550049
2011-11-29,1192.560059,1195.189941
2011-11-30,1196.719971,1246.959961
2011-12-01,1246.910034,1244.579956
2011-12-02,1246.030029,1244.280029
2011-12-05,1244.329956,1257.079956
2011-12-06,1257.189941,1258.469971
2011-12-07,1258.140015,1261.010010
2011-12-08,1260.869995,1234.349976
2011-12-09,1234.479980,1255.189941
2011-12-12,1255.050049,1236.469971
2011-12-13,1236.829956,1225.729980
2011-12-14,1225.729980,1211.819946
2011-12-15,1212.119995,1215.750000
2011-12-16,1216.089966,1219.660034
2011-12-19,1219.739990,1205.349976
2011-12-20,1205.719971,1241.300049
2011-12-21,1241.250000,1243.719971
2011-12-22,1243.719971,1254.000000
2011-12-23,1254.000000,1265.329956
2011-12-27,1265.020020,1265.430054
2011-12-28,1265.380005,1249.640015
2011-12-29,1249.750000,1263.020020
2011-12-30,1262.819946,1257.599976
2012-01-03,1258.859985,1277.060059
2012-01-04,1277.030029,1277.300049
2012-01-05,1277.300049,1281.060059
2012-01-06,1280.930054,1277.810059
2012-01-09,1277.829956,1280.699951
2012-01-10,1280.770020,1292.079956
2012-01-11,1292.020020,1292.479980
2012-01-12,1292.479980,1295.500000
2012-01-13,1294.819946,1289.089966
2012-01-17,1290.219971,1293.670044
2012-01-18,1293.650024,1308.040039
2012-01-19,1308.069946,1314.500000
2012-01-20,1314.489990,1315.380005
2012-01-23,1315.290039,1316.000000
2012-01-24,1315.959961,1314.650024
2012-01-25,1314.400024,1326.060059
2012-01-26,1326.280029,1318.430054
2012-01-27,1318.250000,1316.329956
2012-01-30,1316.160034,1313.010010
2012-01-31,1313.530029,1312.410034
2012-02-01,1312.449951,1324.089966
2012-02-02,1324.239990,1325.540039
2012-02-03,1326.209961,1344.900024
2012-02-06,1344.319946,1344.329956
2012-02-07,1344.329956,1347.050049
2012-02-08,1347.040039,1349.959961
2012-02-09,1349.969971,1351.949951
2012-02-10,1351.209961,1342.640015
2012-02-13,1343.060059,1351.770020
2012-02-14,1351.300049,1350.500000
2012-02-15,1350.520020,1343.229980
2012-02-16,1342.609985,1358.040039
2012-02-17,1358.060059,1361.229980
2012-02-21,1361.219971,1362.209961
2012-02-22,1362.109985,1357.660034
2012-02-23,1357.530029,1363.459961
2012-02-24,1363.459961,1365.739990
2012-02-27,1365.199951,1367.589966
2012-02-28,1367.560059,1372.180054
2012-02-29,1372.199951,1365.680054
2012-03-01,1365.900024,1374.089966
2012-03-02,1374.089966,1369.630005
2012-03-05,1369.589966,1364.329956
2012-03-06,1363.630005,1343.359985
2012-03-07,1343.390015,1352.630005
2012-03-08,1352.650024,1365.910034
2012-03-09,1365.969971,1370.869995
2012-03-12,1370.780029,1371.089966
2012-03-13,1371.920044,1395.949951
2012-03-14,1395.949951,1394.280029
2012-03-15,1394.170044,1402.599976
2012-03-16,1402.550049,1404.170044
2012-03-19,1404.170044,1409.750000
2012-03-20,1409.589966,1405.520020
2012-03-21,1405.520020,1402.890015
2012-03-22,1402.890015,1392.780029
2012-03-23,1392.780029,1397.109985
2012-03-26,1397.109985,1416.510010
2012-03-27,1416.550049,1412.520020
2012-03-28,1412.520020,1405.540039
2012-03-29,1405.390015,1403.280029
2012-03-30,1403.310059,1408.469971
2012-04-02,1408.469971,1419.040039
2012-04-03,1418.979980,1413.380005
2012-04-04,1413.089966,1398.959961
2012-04-05,1398.790039,1398.079956
2012-04-09,1397.449951,1382.199951
2012-04-10,1382.180054,1358.589966
2012-04-11,1358.979980,1368.709961
2012-04-12,1368.770020,1387.569946
2012-04-13,1387.609985,1370.260010
2012-04-16,1370.270020,1369.569946
2012-04-17,1369.569946,1390.780029
2012-04-18,1390.780029,1385.140015
2012-04-19,1385.079956,1376.920044
2012-04-20,1376.959961,1378.530029
2012-04-23,1378.530029,1366.939941
2012-04-24,1366.969971,1371.969971
2012-04-25,1372.109985,1390.689941
2012-04-26,1390.640015,1399.979980
2012-04-27,1400.189941,1403.359985
2012-04-30,1403.260010,1397.910034
2012-05-01,1397.859985,1405.819946
2012-05-02,1405.500000,1402.310059
2012-05-03,1402.319946,1391.569946
2012-05-04,1391.510010,1369.099976
2012-05-07,1368.790039,1369.579956
2012-05-08,1369.160034,1363.719971
2012-05-09,1363.199951,1354.579956
2012-05-10,1354.579956,1357.989990
2012-05-11,1358.109985,1353.390015
2012-05-14,1351.930054,1338.349976
2012-05-15,1338.359985,1330.660034
2012-05-16,1330.780029,1324.800049
2012-05-17,1324.819946,1304.859985
2012-05-18,1305.050049,1295.219971
2012-05-21,1295.729980,1315.989990
2012-05-22,1316.089966,1316.630005
2012-05-23,1316.020020,1318.859985
2012-05-24,1318.719971,1320.680054
2012-05-25,1320.810059,1317.819946
2012-05-29,1318.900024,1332.420044
2012-05-30,1331.250000,1313.319946
2012-05-31,1313.089966,1310.329956
2012-06-01,1309.869995,1278.040039
2012-06-04,1278.290039,1278.180054
2012-06-05,1277.819946,1285.500000
2012-06-06,1285.609985,1315.130005
2012-06-07,1316.150024,1314.989990
2012-06-08,1314.989990,1325.660034
2012-06-11,1325.719971,1308.930054
2012-06-12,1309.400024,1324.180054
2012-06-13,1324.020020,1314.880005
2012-06-14,1314.880005,1329.099976
2012-06-15,1329.189941,1342.839966
2012-06-18,1342.420044,1344.780029
2012-06-19,1344.829956,1357.979980
2012-06-20,1358.040039,1355.689941
2012-06-21,1355.430054,1325.510010
2012-06-22,1325.920044,1335.020020
2012-06-25,1334.900024,1313.719971
2012-06-26,1314.089966,1319.989990
2012-06-27,1320.709961,1331.849976
2012-06-28,1331.520020,1329.040039
2012-06-29,1330.119995,1362.160034
2012-07-02,1362.329956,1365.510010
2012-07-03,1365.750000,1374.020020
2012-07-05,1373.719971,1367.579956
2012-07-06,1367.089966,1354.680054
2012-07-09,1354.660034,1352.459961
2012-07-10,1352.959961,1341.469971
2012-07-11,1341.400024,1341.449951
2012-07-12,1341.290039,1334.760010
2012-07-13,1334.810059,1356.780029
2012-07-16,1356.500000,1353.640015
2012-07-17,1353.680054,1363.670044
2012-07-18,1363.579956,1372.780029
2012-07-19,1373.010010,1376.510010
2012-07-20,1376.510010,1362.660034
2012-07-23,1362.339966,1350.520020
2012-07-24,1350.520020,1338.310059
2012-07-25,1338.349976,1337.890015
2012-07-26,1338.170044,1360.020020
2012-07-27,1360.050049,1385.969971
2012-07-30,1385.939941,1385.300049
2012-07-31,1385.270020,1379.319946
2012-08-01,1379.319946,1375.319946
2012-08-02,1375.130005,1365.000000
2012-08-03,1365.449951,1390.989990
2012-08-06,1391.040039,1394.229980
2012-08-07,1394.459961,1401.349976
2012-08-08,1401.229980,1402.219971
2012-08-09,1402.260010,1402.800049
2012-08-10,1402.579956,1405.869995
2012-08-13,1405.869995,1404.109985
2012-08-14,1404.359985,1403.930054
2012-08-15,1403.890015,1405.530029
2012-08-16,1405.569946,1415.510010
2012-08-17,1415.839966,1418.160034
2012-08-20,1417.849976,1418.130005
2012-08-21,1418.130005,1413.170044
2012-08-22,1413.089966,1413.489990
2012-08-23,1413.489990,1402.079956
2012-08-24,1401.989990,1411.130005
2012-08-27,1411.130005,1410.439941
2012-08-28,1410.439941,1409.300049
2012-08-29,1409.319946,1410.489990
2012-08-30,1410.079956,1399.479980
2012-08-31,1400.069946,1406.579956
2012-09-04,1406.540039,1404.939941
2012-09-05,1404.939941,1403.439941
2012-09-06,1403.739990,1432.119995
2012-09-07,1432.119995,1437.920044
2012-09-10,1437.920044,1429.079956
2012-09-11,1429.130005,1433.560059
2012-09-12,1433.560059,1436.560059
2012-09-13,1436.560059,1459.989990
2012-09-14,1460.069946,1465.770020
2012-09-17,1465.420044,1461.189941
2012-09-18,1461.189941,1459.319946
2012-09-19,1459.500000,1461.050049
2012-09-20,1461.050049,1460.260010
2012-09-21,1460.339966,1460.150024
2012-09-24,1459.760010,1456.890015
2012-09-25,1456.939941,1441.589966
2012-09-26,1441.599976,1433.319946
2012-09-27,1433.359985,1447.150024
2012-09-28,1447.130005,1440.670044
2012-10-01,1440.900024,1444.489990
2012-10-02,1444.989990,1445.750000
2012-10-03,1446.050049,1450.989990
2012-10-04,1451.079956,1461.400024
2012-10-05,1461.400024,1460.930054
2012-10-08,1460.930054,1455.880005
2012-10-09,1455.900024,1441.479980
2012-10-10,1441.479980,1432.560059
2012-10-11,1432.819946,1432.839966
2012-10-12,1432.839966,1428.589966
2012-10-15,1428.750000,1440.130005
2012-10-16,1440.310059,1454.920044
2012-10-17,1454.219971,1460.910034
2012-10-18,1460.939941,1457.339966
2012-10-19,1457.339966,1433.189941
2012-10-22,1433.209961,1433.819946
2012-10-23,1433.739990,1413.109985
2012-10-24,1413.199951,1408.750000
2012-10-25,1409.739990,1412.969971
2012-10-26,1412.969971,1411.939941
2012-10-31,1410.989990,1412.160034
2012-11-01,1412.199951,1427.589966
2012-11-02,1427.589966,1414.199951
2012-11-05,1414.020020,1417.260010
2012-11-06,1417.260010,1428.390015
2012-11-07,1428.270020,1394.530029
2012-11-08,1394.530029,1377.510010
2012-11-09,1377.550049,1379.849976
2012-11-12,1379.859985,1380.030029
2012-11-13,1380.030029,1374.530029
2012-11-14,1374.640015,1355.489990
2012-11-15,1355.410034,1353.329956
2012-11-16,1353.359985,1359.880005
2012-11-19,1359.880005,1386.890015
2012-11-20,1386.819946,1387.810059
2012-11-21,1387.790039,1391.030029
2012-11-23,1391.030029,1409.150024
2012-11-26,1409.150024,1406.290039
2012-11-27,1406.290039,1398.939941
2012-11-28,1398.770020,1409.930054
2012-11-29,1409.959961,1415.949951
2012-11-30,1415.949951,1416.180054
2012-12-03,1416.339966,1409.459961
2012-12-04,1409.459961,1407.050049
2012-12-05,1407.050049,1409.280029
2012-12-06,1409.430054,1413.939941
2012-12-07,1413.949951,1418.069946
2012-12-10,1418.069946,1418.550049
2012-12-11,1418.550049,1427.839966
2012-12-12,1427.839966,1428.479980
2012-12-13,1428.479980,1419.449951
2012-12-14,1419.449951,1413.579956
2012-12-17,1413.540039,1430.359985
2012-12-18,1430.469971,1446.790039
2012-12-19,1446.790039,1435.810059
2012-12-20,1435.810059,1443.689941
2012-12-21,1443.670044,1430.150024
2012-12-24,1430.150024,1426.660034
2012-12-26,1426.660034,1419.829956
2012-12-27,1419.829956,1418.099976
2012-12-28,1418.099976,1402.430054
2012-12-31,1402.430054,1426.189941
2013-01-02,1426.189941,1462.420044
2013-01-03,1462.420044,1459.369995
2013-01-04,1459.369995,1466.469971
2013-01-07,1466.469971,1461.890015
2013-01-08,1461.890015,1457.150024
2013-01-09,1457.150024,1461.020020
2013-01-10,1461.020020,1472.119995
2013-01-11,1472.119995,1472.050049
2013-01-14,1472.050049,1470.680054
2013-01-15,1470.670044,1472.339966
2013-01-16,1472.329956,1472.630005
2013-01-17,1472.630005,1480.939941
2013-01-18,1480.949951,1485.979980
2013-01-22,1485.979980,1492.560059
2013-01-23,1492.560059,1494.810059
2013-01-24,1494.810059,1494.819946
2013-01-25,1494.819946,1502.959961
2013-01-28,1502.959961,1500.180054
2013-01-29,1500.180054,1507.839966
2013-01-30,1507.839966,1501.959961
2013-01-31,1501.959961,1498.109985
2013-02-01,1498.109985,1513.170044
2013-02-04,1513.170044,1495.709961
2013-02-05,1495.709961,1511.290039
2013-02-06,1511.290039,1512.119995
2013-02-07,1512.119995,1509.390015
2013-02-08,1509.390015,1517.930054
2013-02-11,1517.930054,1517.010010
2013-02-12,1517.010010,1519.430054
2013-02-13,1519.430054,1520.329956
2013-02-14,1520.329956,1521.380005
2013-02-15,1521.380005,1519.790039
2013-02-19,1519.790039,1530.939941
2013-02-20,1530.939941,1511.949951
2013-02-21,1511.949951,1502.420044
2013-02-22,1502.420044,1515.599976
2013-02-25,1515.599976,1487.849976
2013-02-26,1487.849976,1496.939941
2013-02-27,1496.939941,1515.989990
2013-02-28,1515.989990,1514.680054
2013-03-01,1514.680054,1518.199951
2013-03-04,1518.199951,1525.199951
2013-03-05,1525.199951,1539.790039
2013-03-06,1539.790039,1541.459961
2013-03-07,1541.459961,1544.260010
2013-03-08,1544.260010,1551.180054
2013-03-11,1551.150024,1556.219971
2013-03-12,1556.219971,1552.479980
2013-03-13,1552.479980,1554.520020
2013-03-14,1554.520020,1563.229980
2013-03-15,1563.209961,1560.699951
2013-03-18,1560.699951,1552.099976
2013-03-19,1552.099976,1548.339966
2013-03-20,1548.339966,1558.709961
2013-03-21,1558.709961,1545.800049
2013-03-22,1545.900024,1556.890015
2013-03-25,1556.890015,1551.689941
2013-03-26,1551.689941,1563.770020
2013-03-27,1563.750000,1562.849976
2013-03-28,1562.859985,1569.189941
2013-04-01,1569.180054,1562.170044
2013-04-02,1562.170044,1570.250000
2013-04-03,1570.250000,1553.689941
2013-04-04,1553.689941,1559.979980
2013-04-05,1559.979980,1553.280029
2013-04-08,1553.260010,1563.069946
2013-04-09,1563.109985,1568.609985
2013-04-10,1568.609985,1587.729980
2013-04-11,1587.729980,1593.369995
2013-04-12,1593.300049,1588.849976
2013-04-15,1588.839966,1552.359985
2013-04-16,1552.359985,1574.569946
2013-04-17,1574.569946,1552.010010
2013-04-18,1552.030029,1541.609985
2013-04-19,1541.609985,1555.250000
2013-04-22,1555.250000,1562.500000
2013-04-23,1562.500000,1578.780029
2013-04-24,1578.780029,1578.790039
2013-04-25,1578.930054,1585.160034
2013-04-26,1585.160034,1582.239990
2013-04-29,1582.339966,1593.609985
2013-04-30,1593.579956,1597.569946
2013-05-01,1597.550049,1582.699951
2013-05-02,1582.770020,1597.589966
2013-05-03,1597.599976,1614.420044
2013-05-06,1614.400024,1617.500000
2013-05-07,1617.550049,1625.959961
2013-05-08,1625.949951,1632.689941
2013-05-09,1632.689941,1626.670044
2013-05-10,1626.689941,1633.699951
2013-05-13,1632.099976,1633.770020
2013-05-14,1633.750000,1650.339966
2013-05-15,1649.130005,1658.780029
2013-05-16,1658.069946,1650.469971
2013-05-17,1652.449951,1667.469971
2013-05-20,1665.709961,1666.290039
2013-05-21,1666.199951,1669.160034
2013-05-22,1669.390015,1655.349976
2013-05-23,1651.619995,1650.510010
2013-05-24,1646.670044,1649.599976
2013-05-28,1652.630005,1660.060059
2013-05-29,1656.569946,1648.359985
2013-05-30,1649.140015,1654.410034
2013-05-31,1652.130005,1630.739990
2013-06-03,1631.709961,1640.420044
2013-06-04,1640.729980,1631.380005
2013-06-05,1629.050049,1608.900024
2013-06-06,1609.290039,1622.560059
2013-06-07,1625.270020,1643.380005
2013-06-10,1644.670044,1642.810059
2013-06-11,1638.640015,1626.130005
2013-06-12,1629.939941,1612.520020
2013-06-13,1612.150024,1636.359985
2013-06-14,1635.520020,1626.729980
2013-06-17,1630.640015,1639.040039
2013-06-18,1639.770020,1651.810059
2013-06-19,1651.829956,1628.930054
2013-06-20,1624.619995,1588.189941
2013-06-21,1588.619995,1592.430054
2013-06-24,1588.770020,1573.089966
2013-06-25,1577.520020,1588.030029
2013-06-26,1592.270020,1603.260010
2013-06-27,1606.439941,1613.199951
2013-06-28,1611.119995,1606.280029
2013-07-01,1609.780029,1614.959961
2013-07-02,1614.290039,1614.079956
2013-07-03,1611.479980,1615.410034
2013-07-05,1618.650024,1631.890015
2013-07-08,1634.199951,1640.459961
2013-07-09,1642.890015,1652.319946
2013-07-10,1651.560059,1652.619995
2013-07-11,1657.410034,1675.020020
2013-07-12,1675.260010,1680.189941
2013-07-15,1679.589966,1682.500000
2013-07-16,1682.699951,1676.260010
2013-07-17,1677.910034,1680.910034
2013-07-18,1681.050049,1689.369995
2013-07-19,1686.150024,1692.089966
2013-07-22,1694.410034,1695.530029
2013-07-23,1696.630005,1692.390015
2013-07-24,1696.060059,1685.939941
2013-07-25,1685.209961,1690.250000
2013-07-26,1687.310059,1691.650024
2013-07-29,1690.319946,1685.329956
2013-07-30,1687.920044,1685.959961
2013-07-31,1687.760010,1685.729980
2013-08-01,1689.420044,1706.869995
2013-08-02,1706.099976,1709.670044
2013-08-05,1708.010010,1707.140015
2013-08-06,1705.790039,1697.369995
2013-08-07,1695.300049,1690.910034
2013-08-08,1693.349976,1697.479980
2013-08-09,1696.099976,1691.420044
2013-08-12,1688.369995,1689.469971
2013-08-13,1690.650024,1694.160034
2013-08-14,1693.880005,1685.390015
2013-08-15,1679.609985,1661.319946
2013-08-16,1661.219971,1655.829956
2013-08-19,1655.250000,1646.060059
2013-08-20,1646.810059,1652.349976
2013-08-21,1650.660034,1642.800049
2013-08-22,1645.030029,1656.959961
2013-08-23,1659.920044,1663.500000
2013-08-26,1664.290039,1656.780029
2013-08-27,1652.540039,1630.479980
2013-08-28,1630.250000,1634.959961
2013-08-29,1633.500000,1638.170044
2013-08-30,1638.890015,1632.969971
2013-09-03,1635.949951,1639.770020
2013-09-04,1640.719971,1653.079956
2013-09-05,1653.280029,1655.079956
2013-09-06,1657.439941,1655.170044
2013-09-09,1656.849976,1671.709961
2013-09-10,1675.109985,1683.989990
2013-09-11,1681.040039,1689.130005
2013-09-12,1689.209961,1683.420044
2013-09-13,1685.040039,1687.989990
2013-09-16,1691.699951,1697.599976
2013-09-17,1697.729980,1704.760010
2013-09-18,1705.739990,1725.520020
2013-09-19,1727.339966,1722.339966
2013-09-20,1722.439941,1709.910034
2013-09-23,1711.439941,1701.839966
2013-09-24,1702.599976,1697.420044
2013-09-25,1698.020020,1692.770020
2013-09-26,1694.050049,1698.670044
2013-09-27,1695.520020,1691.750000
2013-09-30,1687.260010,1681.550049
2013-10-01,1682.410034,1695.000000
2013-10-02,1691.900024,1693.869995
2013-10-03,1692.349976,1678.660034
2013-10-04,1678.790039,1690.500000
2013-10-07,1687.150024,1676.119995
2013-10-08,1676.219971,1655.449951
2013-10-09,1656.989990,1656.400024
2013-10-10,1660.880005,1692.560059
2013-10-11,1691.089966,1703.199951
2013-10-14,1699.859985,1710.140015
2013-10-15,1709.170044,1698.060059
2013-10-16,1700.489990,1721.540039
2013-10-17,1720.170044,1733.150024
2013-10-18,1736.719971,1744.500000
2013-10-21,1745.199951,1744.660034
2013-10-22,1746.479980,1754.670044
2013-10-23,1752.270020,1746.380005
2013-10-24,1747.479980,1752.069946
2013-10-25,1756.010010,1759.770020
2013-10-28,1759.420044,1762.109985
2013-10-29,1762.930054,1771.949951
2013-10-30,1772.270020,1763.310059
2013-10-31,1763.239990,1756.540039
2013-11-01,1758.699951,1761.640015
2013-11-04,1763.400024,1767.930054
2013-11-05,1765.670044,1762.969971
2013-11-06,1765.000000,1770.489990
2013-11-07,1770.739990,1747.150024
2013-11-08,1748.369995,1770.609985
2013-11-11,1769.959961,1771.890015
2013-11-12,1769.510010,1767.689941
2013-11-13,1764.369995,1782.000000
2013-11-14,1782.750000,1790.619995
2013-11-15,1790.660034,1798.180054
2013-11-18,1798.819946,1791.530029
2013-11-19,1790.790039,1787.869995
2013-11-20,1789.589966,1781.369995
2013-11-21,1783.520020,1795.849976
2013-11-22,1797.209961,1804.760010
2013-11-25,1806.329956,1802.479980
2013-11-26,1802.869995,1802.750000
2013-11-27,1803.479980,1807.229980
2013-11-29,1808.689941,1805.810059
2013-12-02,1806.550049,1800.900024
2013-12-03,1800.099976,1795.150024
2013-12-04,1793.150024,1792.810059
2013-12-05,1792.819946,1785.030029
2013-12-06,1788.359985,1805.089966
2013-12-09,1806.209961,1808.369995
2013-12-10,1807.599976,1802.619995
2013-12-11,1802.760010,1782.219971
2013-12-12,1781.709961,1775.500000
2013-12-13,1777.979980,1775.319946
2013-12-16,1777.479980,1786.540039
2013-12-17,1786.469971,1781.000000
2013-12-18,1781.459961,1810.650024
2013-12-19,1809.000000,1809.599976
2013-12-20,1810.390015,1818.319946
2013-12-23,1822.920044,1827.989990
2013-12-24,1828.020020,1833.319946
2013-12-26,1834.959961,1842.020020
2013-12-27,1842.969971,1841.400024
2013-12-30,1841.469971,1841.069946
2013-12-31,1842.609985,1848.359985
2014-01-02,1845.859985,1831.979980
2014-01-03,1833.209961,1831.369995
2014-01-06,1832.310059,1826.770020
2014-01-07,1828.709961,1837.880005
2014-01-08,1837.900024,1837.489990
2014-01-09,1839.000000,1838.130005
2014-01-10,1840.060059,1842.369995
2014-01-13,1841.260010,1819.199951
2014-01-14,1821.359985,1838.880005
2014-01-15,1840.520020,1848.380005
2014-01-16,1847.989990,1845.890015
2014-01-17,1844.229980,1838.699951
2014-01-21,1841.050049,1843.800049
2014-01-22,1844.709961,1844.859985
2014-01-23,1842.290039,1828.459961
2014-01-24,1826.959961,1790.290039
2014-01-27,1791.030029,1781.560059
2014-01-28,1783.000000,1792.500000
2014-01-29,1790.150024,1774.199951
2014-01-30,1777.170044,1794.189941
2014-01-31,1790.880005,1782.589966
2014-02-03,1782.680054,1741.890015
2014-02-04,1743.819946,1755.199951
2014-02-05,1753.380005,1751.640015
2014-02-06,1752.989990,1773.430054
2014-02-07,1776.010010,1797.020020
2014-02-10,1796.199951,1799.839966
2014-02-11,1800.449951,1819.750000
2014-02-12,1820.119995,1819.260010
2014-02-13,1814.819946,1829.829956
2014-02-14,1828.459961,1838.630005
2014-02-18,1839.030029,1840.760010
2014-02-19,1838.900024,1828.750000
2014-02-20,1829.239990,1839.780029
2014-02-21,1841.069946,1836.250000
2014-02-24,1836.780029,1847.609985
2014-02-25,1847.660034,1845.119995
2014-02-26,1845.790039,1845.160034
2014-02-27,1844.900024,1854.290039
2014-02-28,1855.119995,1859.449951
2014-03-03,1857.680054,1845.729980
2014-03-04,1849.229980,1873.910034
2014-03-05,1874.050049,1873.810059
2014-03-06,1874.180054,1877.030029
2014-03-07,1878.520020,1878.040039
2014-03-10,1877.859985,1877.170044
2014-03-11,1878.260010,1867.630005
2014-03-12,1866.150024,1868.199951
2014-03-13,1869.060059,1846.339966
2014-03-14,1845.069946,1841.130005
2014-03-17,1842.810059,1858.829956
2014-03-18,1858.920044,1872.250000
2014-03-19,1872.250000,1860.770020
2014-03-20,1860.089966,1872.010010
2014-03-21,1874.530029,1866.520020
2014-03-24,1867.670044,1857.439941
2014-03-25,1859.479980,1865.619995
2014-03-26,1867.089966,1852.560059
2014-03-27,1852.109985,1849.040039
2014-03-28,1850.069946,1857.619995
2014-03-31,1859.160034,1872.339966
2014-04-01,1873.959961,1885.520020
2014-04-02,1886.609985,1890.900024
2014-04-03,1891.430054,1888.770020
2014-04-04,1890.250000,1865.089966
2014-04-07,1863.920044,1845.040039
2014-04-08,1845.479980,1851.959961
2014-04-09,1852.640015,1872.180054
2014-04-10,1872.280029,1833.079956
2014-04-11,1830.650024,1815.689941
2014-04-14,1818.180054,1830.609985
2014-04-15,1831.449951,1842.979980
2014-04-16,1846.010010,1862.310059
2014-04-17,1861.729980,1864.849976
2014-04-21,1865.790039,1871.890015
2014-04-22,1872.569946,1879.550049
2014-04-23,1879.319946,1875.390015
2014-04-24,1881.969971,1878.609985
2014-04-25,1877.719971,1863.400024
2014-04-28,1865.000000,1869.430054
2014-04-29,1870.780029,1878.329956
2014-04-30,1877.099976,1883.949951
2014-05-01,1884.390015,1883.680054
2014-05-02,1885.300049,1881.140015
2014-05-05,1879.449951,1884.660034
2014-05-06,1883.689941,1867.719971
2014-05-07,1868.530029,1878.209961
2014-05-08,1877.390015,1875.630005
2014-05-09,1875.270020,1878.479980
2014-05-12,1880.030029,1896.650024
2014-05-13,1896.750000,1897.449951
2014-05-14,1897.130005,1888.530029
2014-05-15,1888.160034,1870.849976
2014-05-16,1871.189941,1877.859985
2014-05-19,1876.660034,1885.079956
2014-05-20,1884.880005,1872.829956
2014-05-21,1873.339966,1888.030029
2014-05-22,1888.189941,1892.489990
2014-05-23,1893.319946,1900.530029
2014-05-27,1902.010010,1911.910034
2014-05-28,1911.770020,1909.780029
2014-05-29,1910.599976,1920.030029
2014-05-30,1920.329956,1923.569946
2014-06-02,1923.869995,1924.969971
2014-06-03,1923.069946,1924.239990
2014-06-04,1923.060059,1927.880005
2014-06-05,1928.520020,1940.459961
2014-06-06,1942.410034,1949.439941
2014-06-09,1948.969971,1951.270020
2014-06-10,1950.339966,1950.790039
2014-06-11,1949.369995,1943.890015
2014-06-12,1943.349976,1930.109985
2014-06-13,1930.800049,1936.160034
2014-06-16,1934.839966,1937.780029
2014-06-17,1937.150024,1941.989990
2014-06-18,1942.729980,1956.979980
2014-06-19,1957.500000,1959.479980
2014-06-20,1960.449951,1962.869995
2014-06-23,1962.920044,1962.609985
2014-06-24,1961.969971,1949.979980
2014-06-25,1949.270020,1959.530029
2014-06-26,1959.890015,1957.219971
2014-06-27,1956.560059,1960.959961
2014-06-30,1960.790039,1960.229980
2014-07-01,1962.290039,1973.319946
2014-07-02,1973.060059,1974.619995
2014-07-03,1975.880005,1985.439941
2014-07-07,1984.219971,1977.650024
2014-07-08,1976.390015,1963.709961
2014-07-09,1965.099976,1972.829956
2014-07-10,1966.670044,1964.680054
2014-07-11,1965.760010,1967.569946
2014-07-14,1969.859985,1977.099976
2014-07-15,1977.359985,1973.280029
2014-07-16,1976.349976,1981.569946
2014-07-17,1979.750000,1958.119995
2014-07-18,1961.540039,1978.219971
2014-07-21,1976.930054,1973.630005
2014-07-22,1975.650024,1983.530029
2014-07-23,1985.319946,1987.010010
2014-07-24,1988.069946,1987.979980
2014-07-25,1984.599976,1978.339966
2014-07-28,1978.250000,1978.910034
2014-07-29,1980.030029,1969.949951
2014-07-30,1973.209961,1970.069946
2014-07-31,1965.140015,1930.670044
2014-08-01,1929.800049,1925.150024
2014-08-04,1926.619995,1938.989990
2014-08-05,1936.339966,1920.209961
2014-08-06,1917.290039,1920.239990
2014-08-07,1923.030029,1909.569946
2014-08-08,1910.349976,1931.589966
2014-08-11,1933.430054,1936.920044
2014-08-12,1935.729980,1933.750000
2014-08-13,1935.599976,1946.719971
2014-08-14,1947.410034,1955.180054
2014-08-15,1958.869995,1955.060059
2014-08-18,1958.359985,1971.739990
2014-08-19,1972.729980,1981.599976
2014-08-20,1980.459961,1986.510010
2014-08-21,1986.819946,1992.369995
2014-08-22,1992.599976,1988.400024
2014-08-25,1991.739990,1997.920044
2014-08-26,1998.589966,2000.020020
2014-08-27,2000.540039,2000.119995
2014-08-28,1997.420044,1996.739990
2014-08-29,1998.449951,2003.369995
2014-09-02,2004.069946,2002.280029
2014-09-03,2003.569946,2000.719971
2014-09-04,2001.670044,1997.650024
2014-09-05,1998.000000,2007.709961
2014-09-08,2007.170044,2001.540039
2014-09-09,2000.729980,1988.439941
2014-09-10,1988.410034,1995.689941
2014-09-11,1992.849976,1997.449951
2014-09-12,1996.739990,1985.540039
2014-09-15,1986.040039,1984.130005
2014-09-16,1981.930054,1998.979980
2014-09-17,1999.300049,2001.569946
2014-09-18,2003.069946,2011.359985
2014-09-19,2012.739990,2010.400024
2014-09-22,2009.079956,1994.290039
2014-09-23,1992.780029,1982.770020
2014-09-24,1983.339966,1998.300049
2014-09-25,1997.319946,1965.989990
2014-09-26,1966.219971,1982.849976
2014-09-29,1978.959961,1977.800049
2014-09-30,1978.209961,1972.290039
2014-10-01,1971.439941,1946.160034
2014-10-02,1945.829956,1946.170044
2014-10-03,1948.119995,1967.900024
2014-10-06,1970.010010,1964.819946
2014-10-07,1962.359985,1935.099976
2014-10-08,1935.550049,1968.890015
2014-10-09,1967.680054,1928.209961
2014-10-10,1925.630005,1906.130005
2014-10-13,1905.650024,1874.739990
2014-10-14,1877.109985,1877.699951
2014-10-15,1874.180054,1862.489990
2014-10-16,1855.949951,1862.760010
2014-10-17,1864.910034,1886.760010
2014-10-20,1885.619995,1904.010010
2014-10-21,1909.380005,1941.280029
2014-10-22,1941.290039,1927.109985
2014-10-23,1931.020020,1950.819946
2014-10-24,1951.589966,1964.579956
2014-10-27,1962.969971,1961.630005
2014-10-28,1964.140015,1985.050049
2014-10-29,1983.290039,1982.300049
2014-10-30,1979.489990,1994.650024
2014-10-31,2001.199951,2018.050049
2014-11-03,2018.209961,2017.810059
2014-11-04,2015.810059,2012.099976
2014-11-05,2015.290039,2023.569946
2014-11-06,2023.329956,2031.209961
2014-11-07,2032.359985,2031.920044
2014-11-10,2032.010010,2038.260010
2014-11-11,2038.199951,2039.680054
2014-11-12,2037.750000,2038.250000
2014-11-13,2039.209961,2039.329956
2014-11-14,2039.739990,2039.819946
2014-11-17,2038.290039,2041.319946
2014-11-18,2041.479980,2051.800049
2014-11-19,2051.159912,2048.719971
2014-11-20,2045.869995,2052.750000
2014-11-21,2057.459961,2063.500000
2014-11-24,2065.070068,2069.409912
2014-11-25,2070.149902,2067.030029
2014-11-26,2067.360107,2072.830078
2014-11-28,2074.780029,2067.560059
2014-12-01,2065.780029,2053.439941
2014-12-02,2053.770020,2066.550049
2014-12-03,2067.449951,2074.330078
2014-12-04,2073.639893,2071.919922
2014-12-05,2072.780029,2075.370117
2014-12-08,2074.840088,2060.310059
2014-12-09,2056.550049,2059.820068
2014-12-10,2058.860107,2026.140015
2014-12-11,2027.920044,2035.329956
2014-12-12,2030.359985,2002.329956
2014-12-15,2005.030029,1989.630005
2014-12-16,1986.709961,1972.739990
2014-12-17,1973.770020,2012.890015
2014-12-18,2018.979980,2061.229980
2014-12-19,2061.040039,2070.649902
2014-12-22,2069.280029,2078.540039
2014-12-23,2081.479980,2082.169922
2014-12-24,2083.250000,2081.879883
2014-12-26,2084.300049,2088.770020
2014-12-29,2087.629883,2090.570068
2014-12-30,2088.489990,2080.350098
2014-12-31,2082.110107,2058.899902
2015-01-02,2058.899902,2058.199951
2015-01-05,2054.439941,2020.579956
2015-01-06,2022.150024,2002.609985
2015-01-07,2005.550049,2025.900024
2015-01-08,2030.609985,2062.139893
2015-01-09,2063.449951,2044.810059
2015-01-12,2046.130005,2028.260010
2015-01-13,2031.579956,2023.030029
2015-01-14,2018.400024,2011.270020
2015-01-15,2013.750000,1992.670044
2015-01-16,1992.250000,2019.420044
2015-01-20,2020.760010,2022.550049
2015-01-21,2020.189941,2032.119995
2015-01-22,2034.300049,2063.149902
2015-01-23,2062.979980,2051.820068
2015-01-26,2050.419922,2057.090088
2015-01-27,2047.859985,2029.550049
2015-01-28,2032.339966,2002.160034
2015-01-29,2002.449951,2021.250000
2015-01-30,2019.349976,1994.989990
2015-02-02,1996.670044,2020.849976
2015-02-03,2022.709961,2050.030029
2015-02-04,2048.860107,2041.510010
2015-02-05,2043.449951,2062.520020
2015-02-06,2062.280029,2055.469971
2015-02-09,2053.469971,2046.739990
2015-02-10,2049.379883,2068.590088
2015-02-11,2068.550049,2068.530029
2015-02-12,2069.979980,2088.479980
2015-02-13,2088.780029,2096.989990
2015-02-17,2096.469971,2100.340088
2015-02-18,2099.159912,2099.679932
2015-02-19,2099.250000,2097.449951
2015-02-20,2097.649902,2110.300049
2015-02-23,2109.830078,2109.659912
2015-02-24,2109.100098,2115.479980
2015-02-25,2115.300049,2113.860107
2015-02-26,2113.909912,2110.739990
2015-02-27,2110.879883,2104.500000
2015-03-02,2105.229980,2117.389893
2015-03-03,2115.760010,2107.780029
2015-03-04,2107.719971,2098.530029
2015-03-05,2098.540039,2101.040039
2015-03-06,2100.909912,2071.260010
2015-03-09,2072.250000,2079.429932
2015-03-10,2076.139893,2044.160034
2015-03-11,2044.689941,2040.239990
2015-03-12,2041.099976,2065.949951
2015-03-13,2064.560059,2053.399902
2015-03-16,2055.350098,2081.189941
2015-03-17,2080.590088,2074.280029
2015-03-18,2072.840088,2099.500000
2015-03-19,2098.689941,2089.270020
2015-03-20,2090.320068,2108.100098
2015-03-23,2107.989990,2104.419922
2015-03-24,2103.939941,2091.500000
2015-03-25,2093.100098,2061.050049
2015-03-26,2059.939941,2056.149902
2015-03-27,2055.780029,2061.020020
2015-03-30,2064.110107,2086.239990
2015-03-31,2084.050049,2067.889893
2015-04-01,2067.629883,2059.689941
2015-04-02,2060.030029,2066.959961
2015-04-06,2064.870117,2080.620117
2015-04-07,2080.790039,2076.330078
2015-04-08,2076.939941,2081.899902
2015-04-09,2081.290039,2091.179932
2015-04-10,2091.510010,2102.060059
2015-04-13,2102.030029,2092.429932
2015-04-14,2092.280029,2095.840088
2015-04-15,2097.820068,2106.629883
2015-04-16,2105.959961,2104.989990
2015-04-17,2102.580078,2081.179932
2015-04-20,2084.110107,2100.399902
2015-04-21,2102.820068,2097.290039
2015-04-22,2098.270020,2107.959961
2015-04-23,2107.209961,2112.929932
2015-04-24,2112.800049,2117.689941
2015-04-27,2119.290039,2108.919922
2015-04-28,2108.350098,2114.760010
2015-04-29,2112.489990,2106.850098
2015-04-30,2105.520020,2085.510010
2015-05-01,2087.379883,2108.290039
2015-05-04,2110.229980,2114.489990
2015-05-05,2112.629883,2089.459961
2015-05-06,2091.260010,2080.149902
2015-05-07,2079.959961,2088.000000
2015-05-08,2092.129883,2116.100098
2015-05-11,2115.560059,2105.330078
2015-05-12,2102.870117,2099.120117
2015-05-13,2099.620117,2098.479980
2015-05-14,2100.429932,2121.100098
2015-05-15,2122.070068,2122.729980
2015-05-18,2121.300049,2129.199951
2015-05-19,2129.449951,2127.830078
2015-05-20,2127.790039,2125.850098
2015-05-21,2125.550049,2130.820068
2015-05-22,2130.360107,2126.060059
2015-05-26,2125.340088,2104.199951
2015-05-27,2105.129883,2123.479980
2015-05-28,2122.270020,2120.790039
2015-05-29,2120.659912,2107.389893
2015-06-01,2108.639893,2111.729980
2015-06-02,2110.409912,2109.600098
2015-06-03,2110.639893,2114.070068
2015-06-04,2112.350098,2095.840088
2015-06-05,2095.090088,2092.830078
2015-06-08,2092.340088,2079.280029
2015-06-09,2079.070068,2080.149902
2015-06-10,2081.120117,2105.199951
2015-06-11,2106.239990,2108.860107
2015-06-12,2107.429932,2094.110107
2015-06-15,2091.340088,2084.429932
2015-06-16,2084.260010,2096.290039
2015-06-17,2097.399902,2100.439941
2015-06-18,2101.580078,2121.239990
2015-06-19,2121.060059,2109.989990
2015-06-22,2112.500000,2122.850098
2015-06-23,2123.159912,2124.199951
2015-06-24,2123.649902,2108.580078
2015-06-25,2109.959961,2102.310059
2015-06-26,2102.620117,2101.489990
2015-06-29,2098.629883,2057.639893
2015-06-30,2061.189941,2063.110107
2015-07-01,2067.000000,2077.419922
2015-07-02,2078.030029,2076.780029
2015-07-06,2073.949951,2068.760010
2015-07-07,2069.520020,2081.340088
2015-07-08,2077.659912,2046.680054
2015-07-09,2049.729980,2051.310059
2015-07-10,2052.739990,2076.620117
2015-07-13,2080.030029,2099.600098
2015-07-14,2099.719971,2108.949951
2015-07-15,2109.010010,2107.399902
2015-07-16,2110.550049,2124.290039
2015-07-17,2126.800049,2126.639893
2015-07-20,2126.850098,2128.280029
2015-07-21,2127.550049,2119.209961
2015-07-22,2118.209961,2114.149902
2015-07-23,2114.159912,2102.149902
2015-07-24,2102.239990,2079.649902
2015-07-27,2078.189941,2067.639893
2015-07-28,2070.750000,2093.250000
2015-07-29,2094.699951,2108.570068
2015-07-30,2106.780029,2108.629883
2015-07-31,2111.600098,2103.840088
2015-08-03,2104.489990,2098.040039
2015-08-04,2097.679932,2093.320068
2015-08-05,2095.270020,2099.840088
2015-08-06,2100.750000,2083.560059
2015-08-07,2082.610107,2077.570068
2015-08-10,2080.979980,2104.179932
2015-08-11,2102.659912,2084.070068
2015-08-12,2081.100098,2086.050049
2015-08-13,2086.189941,2083.389893
2015-08-14,2083.149902,2091.540039
2015-08-17,2089.699951,2102.439941
2015-08-18,2101.989990,2096.919922
2015-08-19,2095.689941,2079.610107
2015-08-20,2076.610107,2035.729980
2015-08-21,2034.079956,1970.890015
2015-08-24,1965.150024,1893.209961
2015-08-25,1898.079956,1867.609985
2015-08-26,1872.750000,1940.510010
2015-08-27,1942.770020,1987.660034
2015-08-28,1986.060059,1988.869995
2015-08-31,1986.729980,1972.180054
2015-09-01,1970.089966,1913.849976
2015-09-02,1916.520020,1948.859985
2015-09-03,1950.790039,1951.130005
2015-09-04,1947.760010,1921.219971
2015-09-08,1927.300049,1969.410034
2015-09-09,1971.449951,1942.040039
2015-09-10,1941.589966,1952.290039
2015-09-11,1951.449951,1961.050049
2015-09-14,1963.060059,1953.030029
2015-09-15,1955.099976,1978.089966
2015-09-16,1978.020020,1995.310059
2015-09-17,1995.329956,1990.199951
2015-09-18,1989.660034,1958.030029
2015-09-21,1960.839966,1966.969971
2015-09-22,1961.390015,1942.739990
2015-09-23,1943.239990,1938.760010
2015-09-24,1934.810059,1932.239990
2015-09-25,1935.930054,1931.339966
2015-09-28,1929.180054,1881.770020
2015-09-29,1881.900024,1884.089966
2015-09-30,1887.140015,1920.030029
2015-10-01,1919.650024,1923.819946
2015-10-02,1921.770020,1951.359985
2015-10-05,1954.329956,1987.050049
2015-10-06,1986.630005,1979.920044
2015-10-07,1982.339966,1995.829956
2015-10-08,1994.010010,2013.430054
2015-10-09,2013.729980,2014.890015
2015-10-12,2015.650024,2017.459961
2015-10-13,2015.000000,2003.689941
2015-10-14,2003.660034,1994.239990
2015-10-15,1996.469971,2023.859985
2015-10-16,2024.369995,2033.109985
2015-10-19,2031.729980,2033.660034
2015-10-20,2033.130005,2030.770020
2015-10-21,2033.469971,2018.939941
2015-10-22,2021.880005,2052.510010
2015-10-23,2058.189941,2075.149902
2015-10-26,2075.080078,2071.179932
2015-10-27,2068.750000,2065.889893
2015-10-28,2066.479980,2090.350098
2015-10-29,2088.350098,2089.409912
2015-10-30,2090.000000,2079.360107
2015-11-02,2080.760010,2104.050049
2015-11-03,2102.629883,2109.790039
2015-11-04,2110.600098,2102.310059
2015-11-05,2101.679932,2099.929932
2015-11-06,2098.600098,2099.199951
2015-11-09,2096.560059,2078.580078
2015-11-10,2077.189941,2081.719971
2015-11-11,2083.409912,2075.000000
2015-11-12,2072.290039,2045.969971
2015-11-13,2044.640015,2023.040039
2015-11-16,2022.079956,2053.189941
2015-11-17,2053.669922,2050.439941
2015-11-18,2051.989990,2083.580078
2015-11-19,2083.699951,2081.239990
2015-11-20,2082.820068,2089.169922
2015-11-23,2089.409912,2086.590088
2015-11-24,2084.419922,2089.139893
2015-11-25,2089.300049,2088.870117
2015-11-27,2088.820068,2090.110107
2015-11-30,2090.949951,2080.409912
2015-12-01,2082.929932,2102.629883
2015-12-02,2101.709961,2079.510010
2015-12-03,2080.709961,2049.620117
2015-12-04,2051.239990,2091.689941
2015-12-07,2090.419922,2077.070068
2015-12-08,2073.389893,2063.590088
2015-12-09,2061.169922,2047.619995
2015-12-10,2047.930054,2052.229980
2015-12-11,2047.270020,2012.369995
2015-12-14,2013.369995,2021.939941
2015-12-15,2025.550049,2043.410034
2015-12-16,2046.500000,2073.070068
2015-12-17,2073.760010,2041.890015
2015-12-18,2040.810059,2005.550049
2015-12-21,2010.270020,2021.150024
2015-12-22,2023.150024,2038.969971
2015-12-23,2042.199951,2064.290039
2015-12-24,2063.520020,2060.989990
2015-12-28,2057.770020,2056.500000
2015-12-29,2060.540039,2078.360107
2015-12-30,2077.340088,2063.360107
2015-12-31,2060.590088,2043.939941
2016-01-04,2038.199951,2012.660034
2016-01-05,2013.780029,2016.709961
2016-01-06,2011.709961,1990.260010
2016-01-07,1985.319946,1943.089966
2016-01-08,1945.969971,1922.030029
2016-01-11,1926.119995,1923.670044
2016-01-12,1927.829956,1938.680054
2016-01-13,1940.339966,1890.280029
2016-01-14,1891.680054,1921.839966
2016-01-15,1916.680054,1880.329956
2016-01-19,1888.660034,1881.329956
2016-01-20,1876.180054,1859.329956
2016-01-21,1861.459961,1868.989990
2016-01-22,1877.400024,1906.900024
2016-01-25,1906.280029,1877.079956
2016-01-26,1878.790039,1903.630005
2016-01-27,1902.520020,1882.949951
2016-01-28,1885.219971,1893.359985
2016-01-29,1894.000000,1940.239990
2016-02-01,1936.939941,1939.380005
2016-02-02,1935.260010,1903.030029
2016-02-03,1907.069946,1912.530029
2016-02-04,1911.670044,1915.449951
2016-02-05,1913.069946,1880.050049
2016-02-08,1873.250000,1853.439941
2016-02-09,1848.459961,1852.209961
2016-02-10,1857.099976,1851.859985
2016-02-11,1847.000000,1829.079956
2016-02-12,1833.400024,1864.780029
2016-02-16,1871.439941,1895.579956
2016-02-17,1898.800049,1926.819946
2016-02-18,1927.569946,1917.829956
2016-02-19,1916.739990,1917.780029
2016-02-22,1924.439941,1945.500000
2016-02-23,1942.380005,1921.270020
2016-02-24,1917.560059,1929.800049
2016-02-25,1931.869995,1951.699951
2016-02-26,1954.949951,1948.050049
2016-02-29,1947.130005,1932.229980
2016-03-01,1937.089966,1978.349976
2016-03-02,1976.599976,1986.449951
2016-03-03,1985.599976,1993.400024
2016-03-04,1994.010010,1999.989990
2016-03-07,1996.109985,2001.760010
2016-03-08,1996.880005,1979.260010
2016-03-09,1981.439941,1989.260010
2016-03-10,1990.969971,1989.569946
2016-03-11,1994.709961,2022.189941
2016-03-14,2019.270020,2019.640015
2016-03-15,2015.270020,2015.930054
2016-03-16,2014.239990,2027.219971
2016-03-17,2026.900024,2040.589966
2016-03-18,2041.160034,2049.580078
2016-03-21,2047.880005,2051.600098
2016-03-22,2048.639893,2049.800049
2016-03-23,2048.550049,2036.709961
2016-03-24,2032.479980,2035.939941
2016-03-28,2037.890015,2037.050049
2016-03-29,2035.750000,2055.010010
2016-03-30,2058.270020,2063.949951
2016-03-31,2063.770020,2059.739990
2016-04-01,2056.620117,2072.780029
2016-04-04,2073.189941,2066.129883
2016-04-05,2062.500000,2045.170044
2016-04-06,2045.560059,2066.659912
2016-04-07,2063.010010,2041.910034
2016-04-08,2045.540039,2047.599976
2016-04-11,2050.229980,2041.989990
2016-04-12,2043.719971,2061.719971
2016-04-13,2065.919922,2082.419922
2016-04-14,2082.889893,2082.780029
2016-04-15,2083.100098,2080.729980
2016-04-18,2078.830078,2094.340088
2016-04-19,2096.050049,2100.800049
2016-04-20,2101.520020,2102.399902
2016-04-21,2102.090088,2091.479980
2016-04-22,2091.489990,2091.580078
2016-04-25,2089.370117,2087.790039
2016-04-26,2089.840088,2091.699951
2016-04-27,2092.330078,2095.149902
2016-04-28,2090.929932,2075.810059
2016-04-29,2071.820068,2065.300049
2016-05-02,2067.169922,2081.429932
2016-05-03,2077.179932,2063.370117
2016-05-04,2060.300049,2051.120117
2016-05-05,2052.949951,2050.629883
2016-05-06,2047.770020,2057.139893
2016-05-09,2057.550049,2058.689941
2016-05-10,2062.629883,2084.389893
2016-05-11,2083.290039,2064.459961
2016-05-12,2067.169922,2064.110107
2016-05-13,2062.500000,2046.609985
2016-05-16,2046.530029,2066.659912
2016-05-17,2065.040039,2047.209961
2016-05-18,2044.380005,2047.630005
2016-05-19,2044.209961,2040.040039
2016-05-20,2041.880005,2052.320068
2016-05-23,2052.229980,2048.040039
2016-05-24,2052.649902,2076.060059
2016-05-25,2078.929932,2090.540039
2016-05-26,2091.439941,2090.100098
2016-05-27,2090.060059,2099.060059
2016-05-31,2100.129883,2096.949951
2016-06-01,2093.939941,2099.330078
2016-06-02,2097.709961,2105.260010
2016-06-03,2104.070068,2099.129883
2016-06-06,2100.830078,2109.409912
2016-06-07,2110.179932,2112.129883
2016-06-08,2112.709961,2119.120117
2016-06-09,2115.649902,2115.479980
2016-06-10,2109.570068,2096.070068
2016-06-13,2091.750000,2079.060059
2016-06-14,2076.649902,2075.320068
2016-06-15,2077.600098,2071.500000
2016-06-16,2066.360107,2077.989990
2016-06-17,2078.199951,2071.219971
2016-06-20,2075.580078,2083.250000
2016-06-21,2085.189941,2088.899902
2016-06-22,2089.750000,2085.449951
2016-06-23,2092.800049,2113.320068
2016-06-24,2103.810059,2037.410034
2016-06-27,2031.449951,2000.540039
2016-06-28,2006.670044,2036.089966
2016-06-29,2042.689941,2070.770020
2016-06-30,2073.169922,2098.860107
2016-07-01,2099.340088,2102.949951
2016-07-05,2095.050049,2088.550049
2016-07-06,2084.429932,2099.729980
2016-07-07,2100.419922,2097.899902
2016-07-08,2106.969971,2129.899902
2016-07-11,2131.719971,2137.159912
2016-07-12,2139.500000,2152.139893
2016-07-13,2153.810059,2152.429932
2016-07-14,2157.879883,2163.750000
2016-07-15,2165.129883,2161.739990
2016-07-18,2162.040039,2166.889893
2016-07-19,2163.790039,2163.780029
2016-07-20,2166.100098,2173.020020
2016-07-21,2172.909912,2165.169922
2016-07-22,2166.469971,2175.030029
2016-07-25,2173.709961,2168.479980
2016-07-26,2168.969971,2169.179932
2016-07-27,2169.810059,2166.580078
2016-07-28,2166.050049,2170.060059
2016-07-29,2168.830078,2173.600098
2016-08-01,2173.149902,2170.840088
2016-08-02,2169.939941,2157.030029
2016-08-03,2156.810059,2163.790039
2016-08-04,2163.510010,2164.250000
2016-08-05,2168.790039,2182.870117
2016-08-08,2183.760010,2180.889893
2016-08-09,2182.239990,2181.739990
2016-08-10,2182.810059,2175.489990
2016-08-11,2177.969971,2185.790039
2016-08-12,2183.739990,2184.050049
2016-08-15,2186.080078,2190.149902
2016-08-16,2186.239990,2178.149902
2016-08-17,2177.840088,2182.219971
2016-08-18,2181.899902,2187.020020
2016-08-19,2184.239990,2183.870117
2016-08-22,2181.580078,2182.639893
2016-08-23,2187.810059,2186.899902
2016-08-24,2185.090088,2175.439941
2016-08-25,2173.290039,2172.469971
2016-08-26,2175.100098,2169.040039
2016-08-29,2170.189941,2180.379883
2016-08-30,2179.449951,2176.120117
2016-08-31,2173.560059,2170.949951
2016-09-01,2171.330078,2170.860107
2016-09-02,2177.489990,2179.979980
2016-09-06,2181.610107,2186.479980
2016-09-07,2185.169922,2186.159912
2016-09-08,2182.760010,2181.300049
2016-09-09,2169.080078,2127.810059
2016-09-12,2120.860107,2159.040039
2016-09-13,2150.469971,2127.020020
2016-09-14,2127.860107,2125.770020
2016-09-15,2125.360107,2147.260010
2016-09-16,2146.479980,2139.159912
2016-09-19,2143.989990,2139.120117
2016-09-20,2145.939941,2139.760010
2016-09-21,2144.580078,2163.120117
2016-09-22,2170.939941,2177.179932
2016-09-23,2173.290039,2164.689941
2016-09-26,2158.540039,2146.100098
2016-09-27,2146.040039,2159.929932
2016-09-28,2161.850098,2171.370117
2016-09-29,2168.899902,2151.129883
2016-09-30,2156.510010,2168.270020
2016-10-03,2164.330078,2161.199951
2016-10-04,2163.370117,2150.489990
2016-10-05,2155.149902,2159.729980
2016-10-06,2158.219971,2160.770020
2016-10-07,2164.189941,2153.739990
2016-10-10,2160.389893,2163.659912
2016-10-11,2161.350098,2136.729980
2016-10-12,2137.669922,2139.179932
2016-10-13,2130.260010,2132.550049
2016-10-14,2139.679932,2132.979980
2016-10-17,2132.949951,2126.500000
2016-10-18,2138.310059,2139.600098
2016-10-19,2140.810059,2144.290039
2016-10-20,2142.510010,2141.340088
2016-10-21,2139.429932,2141.159912
2016-10-24,2148.500000,2151.330078
2016-10-25,2149.719971,2143.159912
2016-10-26,2136.969971,2139.429932
2016-10-27,2144.060059,2133.040039
2016-10-28,2132.229980,2126.409912
2016-10-31,2129.780029,2126.149902
2016-11-01,2128.679932,2111.719971
2016-11-02,2109.429932,2097.939941
2016-11-03,2098.800049,2088.659912
2016-11-04,2083.790039,2085.179932
2016-11-07,2100.590088,2131.520020
2016-11-08,2129.919922,2139.560059
2016-11-09,2131.560059,2163.260010
2016-11-10,2167.489990,2167.479980
2016-11-11,2162.709961,2164.449951
2016-11-14,2165.639893,2164.199951
2016-11-15,2168.290039,2180.389893
2016-11-16,2177.530029,2176.939941
2016-11-17,2178.610107,2187.120117
2016-11-18,2186.850098,2181.899902
2016-11-21,2186.429932,2198.179932
2016-11-22,2201.560059,2202.939941
2016-11-23,2198.550049,2204.719971
2016-11-25,2206.270020,2213.350098
2016-11-28,2210.209961,2201.719971
2016-11-29,2200.760010,2204.659912
2016-11-30,2204.969971,2198.810059
2016-12-01,2200.169922,2191.080078
2016-12-02,2191.120117,2191.949951
2016-12-05,2200.649902,2204.709961
2016-12-06,2207.260010,2212.229980
2016-12-07,2210.719971,2241.350098
2016-12-08,2241.129883,2246.189941
2016-12-09,2249.729980,2259.530029
2016-12-12,2258.830078,2256.959961
2016-12-13,2263.320068,2271.719971
2016-12-14,2268.350098,2253.280029
2016-12-15,2253.770020,2262.030029
2016-12-16,2266.810059,2258.070068
2016-12-19,2259.239990,2262.530029
2016-12-20,2266.500000,2270.760010
2016-12-21,2270.540039,2265.179932
2016-12-22,2262.929932,2260.959961
2016-12-23,2260.250000,2263.790039
2016-12-27,2266.229980,2268.879883
2016-12-28,2270.229980,2249.919922
2016-12-29,2249.500000,2249.260010
2016-12-30,2251.610107,2238.830078
2017-01-03,2251.570068,2257.830078
2017-01-04,2261.600098,2270.750000
2017-01-05,2268.179932,2269.000000
2017-01-06,2271.139893,2276.979980
2017-01-09,2273.590088,2268.899902
2017-01-10,2269.719971,2268.899902
2017-01-11,2268.600098,2275.320068
2017-01-12,2271.139893,2270.439941
2017-01-13,2272.739990,2274.639893
2017-01-17,2269.139893,2267.889893
2017-01-18,2269.139893,2271.889893
2017-01-19,2271.899902,2263.689941
2017-01-20,2269.959961,2271.310059
2017-01-23,2267.780029,2265.199951
2017-01-24,2267.879883,2280.070068
2017-01-25,2288.879883,2298.370117
2017-01-26,2298.629883,2296.679932
2017-01-27,2299.020020,2294.689941
2017-01-30,2286.010010,2280.899902
2017-01-31,2274.020020,2278.870117
2017-02-01,2285.590088,2279.550049
2017-02-02,2276.689941,2280.850098
2017-02-03,2288.540039,2297.419922
2017-02-06,2294.280029,2292.560059
2017-02-07,2295.870117,2293.080078
2017-02-08,2289.550049,2294.669922
2017-02-09,2296.699951,2307.870117
2017-02-10,2312.270020,2316.100098
2017-02-13,2321.719971,2328.250000
2017-02-14,2326.120117,2337.580078
2017-02-15,2335.580078,2349.250000
2017-02-16,2349.639893,2347.219971
2017-02-17,2343.010010,2351.159912
2017-02-21,2354.909912,2365.379883
2017-02-22,2361.110107,2362.820068
2017-02-23,2367.500000,2363.810059
2017-02-24,2355.729980,2367.340088
2017-02-27,2365.229980,2369.750000
2017-02-28,2366.080078,2363.639893
2017-03-01,2380.129883,2395.959961
2017-03-02,2394.750000,2381.919922
2017-03-03,2380.919922,2383.120117
2017-03-06,2375.229980,2375.310059
2017-03-07,2370.739990,2368.389893
2017-03-08,2369.810059,2362.979980
2017-03-09,2363.489990,2364.870117
2017-03-10,2372.520020,2372.600098
2017-03-13,2371.560059,2373.469971
2017-03-14,2368.550049,2365.449951
2017-03-15,2370.340088,2385.260010
2017-03-16,2387.709961,2381.379883
2017-03-17,2383.709961,2378.250000
2017-03-20,2378.239990,2373.469971
2017-03-21,2379.320068,2344.020020
2017-03-22,2343.000000,2348.449951
2017-03-23,2345.969971,2345.959961
2017-03-24,2350.419922,2343.979980
2017-03-27,2329.110107,2341.590088
2017-03-28,2339.790039,2358.570068
2017-03-29,2356.540039,2361.129883
2017-03-30,2361.310059,2368.060059
2017-03-31,2364.820068,2362.719971
2017-04-03,2362.340088,2358.840088
2017-04-04,2354.760010,2360.159912
2017-04-05,2366.590088,2352.949951
2017-04-06,2353.790039,2357.489990
2017-04-07,2356.590088,2355.540039
2017-04-10,2357.159912,2357.159912
2017-04-11,2353.919922,2353.780029
2017-04-12,2352.149902,2344.929932
2017-04-13,2341.979980,2328.949951
2017-04-17,2332.620117,2349.010010
2017-04-18,2342.530029,2342.189941
2017-04-19,2346.790039,2338.169922
2017-04-20,2342.689941,2355.840088
2017-04-21,2354.739990,2348.689941
2017-04-24,2370.330078,2374.149902
2017-04-25,2381.510010,2388.610107
2017-04-26,2388.979980,2387.449951
2017-04-27,2389.699951,2388.770020
2017-04-28,2393.679932,2384.199951
2017-05-01,2388.500000,2388.330078
2017-05-02,2391.050049,2391.169922
2017-05-03,2386.500000,2388.129883
2017-05-04,2389.790039,2389.520020
2017-05-05,2392.370117,2399.290039
2017-05-08,2399.939941,2399.379883
2017-05-09,2401.580078,2396.919922
2017-05-10,2396.790039,2399.629883
2017-05-11,2394.840088,2394.439941
2017-05-12,2392.439941,2390.899902
2017-05-15,2393.979980,2402.320068
2017-05-16,2404.550049,2400.669922
2017-05-17,2382.949951,2357.030029
2017-05-18,2354.689941,2365.719971
2017-05-19,2371.370117,2381.729980
2017-05-22,2387.209961,2394.020020
2017-05-23,2397.040039,2398.419922
2017-05-24,2401.409912,2404.389893
2017-05-25,2409.540039,2415.070068
2017-05-26,2414.500000,2415.820068
2017-05-30,2411.669922,2412.909912
2017-05-31,2415.629883,2411.800049
2017-06-01,2415.649902,2430.060059
2017-06-02,2431.280029,2439.070068
2017-06-05,2437.830078,2436.100098
2017-06-06,2431.919922,2429.330078
2017-06-07,2432.030029,2433.139893
2017-06-08,2434.270020,2433.790039
2017-06-09,2436.389893,2431.770020
2017-06-12,2425.879883,2429.389893
2017-06-13,2434.149902,2440.350098
2017-06-14,2443.750000,2437.919922
2017-06-15,2424.139893,2432.459961
2017-06-16,2431.239990,2433.149902
2017-06-19,2442.550049,2453.459961
2017-06-20,2450.659912,2437.030029
2017-06-21,2439.310059,2435.610107
2017-06-22,2437.399902,2434.500000
2017-06-23,2434.649902,2438.300049
2017-06-26,2443.320068,2439.070068
2017-06-27,2436.340088,2419.379883
2017-06-28,2428.699951,2440.689941
2017-06-29,2442.379883,2419.699951
2017-06-30,2429.199951,2423.409912
2017-07-03,2431.389893,2429.010010
2017-07-05,2430.780029,2432.540039
2017-07-06,2423.439941,2409.750000
2017-07-07,2413.520020,2425.179932
2017-07-10,2424.510010,2427.429932
2017-07-11,2427.350098,2425.530029
2017-07-12,2435.750000,2443.250000
2017-07-13,2444.989990,2447.830078
2017-07-14,2449.159912,2459.270020
2017-07-17,2459.500000,2459.139893
2017-07-18,2455.879883,2460.610107
2017-07-19,2463.850098,2473.830078
2017-07-20,2475.560059,2473.449951
2017-07-21,2467.399902,2472.540039
2017-07-24,2472.040039,2469.909912
2017-07-25,2477.879883,2477.129883
2017-07-26,2479.969971,2477.830078
2017-07-27,2482.760010,2475.419922
2017-07-28,2469.120117,2472.100098
2017-07-31,2475.939941,2470.300049
2017-08-01,2477.100098,2476.350098
2017-08-02,2480.379883,2477.570068
2017-08-03,2476.030029,2472.159912
2017-08-04,2476.879883,2476.830078
2017-08-07,2477.139893,2480.909912
2017-08-08,2478.350098,2474.919922
2017-08-09,2465.350098,2474.020020
2017-08-10,2465.379883,2438.209961
2017-08-11,2441.040039,2441.320068
2017-08-14,2454.959961,2465.840088
2017-08-15,2468.659912,2464.610107
2017-08-16,2468.629883,2468.110107
2017-08-17,2462.949951,2430.010010
2017-08-18,2427.639893,2425.550049
2017-08-21,2425.500000,2428.370117
2017-08-22,2433.750000,2452.510010
2017-08-23,2444.879883,2444.040039
2017-08-24,2447.909912,2438.969971
2017-08-25,2444.719971,2443.050049
2017-08-28,2447.350098,2444.239990
2017-08-29,2431.939941,2446.300049
2017-08-30,2446.060059,2457.590088
2017-08-31,2462.649902,2471.649902
2017-09-01,2474.419922,2476.550049
2017-09-05,2470.350098,2457.850098
2017-09-06,2463.830078,2465.540039
2017-09-07,2468.060059,2465.100098
2017-09-08,2462.250000,2461.429932
2017-09-11,2474.520020,2488.110107
2017-09-12,2491.939941,2496.479980
2017-09-13,2493.889893,2498.370117
2017-09-14,2494.560059,2495.620117
2017-09-15,2495.669922,2500.229980
2017-09-18,2502.510010,2503.870117
2017-09-19,2506.290039,2506.649902
2017-09-20,2506.840088,2508.239990
2017-09-21,2507.159912,2500.600098
2017-09-22,2497.260010,2502.219971
2017-09-25,2499.389893,2496.659912
2017-09-26,2501.040039,2496.840088
2017-09-27,2503.300049,2507.040039
2017-09-28,2503.409912,2510.060059
2017-09-29,2509.959961,2519.360107
2017-10-02,2521.199951,2529.120117
2017-10-03,2530.340088,2534.580078
2017-10-04,2533.479980,2537.739990
2017-10-05,2540.860107,2552.070068
2017-10-06,2547.439941,2549.330078
2017-10-09,2551.389893,2544.729980
2017-10-10,2549.989990,2550.639893
2017-10-11,2550.620117,2555.239990
2017-10-12,2552.879883,2550.929932
2017-10-13,2555.659912,2553.169922
2017-10-16,2555.570068,2557.639893
2017-10-17,2557.169922,2559.360107
2017-10-18,2562.870117,2561.260010
2017-10-19,2553.389893,2562.100098
2017-10-20,2567.560059,2575.209961
2017-10-23,2578.080078,2564.979980
2017-10-24,2568.659912,2569.129883
2017-10-25,2566.520020,2557.149902
2017-10-26,2560.080078,2560.399902
2017-10-27,2570.260010,2581.070068
2017-10-30,2577.750000,2572.830078
2017-10-31,2575.989990,2575.260010
2017-11-01,2583.209961,2579.360107
2017-11-02,2579.459961,2579.850098
2017-11-03,2581.929932,2587.840088
2017-11-06,2587.469971,2591.129883
2017-11-07,2592.110107,2590.639893
2017-11-08,2588.709961,2594.379883
2017-11-09,2584.000000,2584.620117
2017-11-10,2580.179932,2582.300049
2017-11-13,2576.530029,2584.840088
2017-11-14,2577.750000,2578.870117
2017-11-15,2569.449951,2564.620117
2017-11-16,2572.949951,2585.639893
2017-11-17,2582.939941,2578.850098
2017-11-20,2579.489990,2582.139893
2017-11-21,2589.169922,2599.030029
2017-11-22,2600.310059,2597.080078
2017-11-24,2600.419922,2602.419922
2017-11-27,2602.659912,2601.419922
2017-11-28,2605.939941,2627.040039
2017-11-29,2627.820068,2626.070068
2017-11-30,2633.929932,2647.580078
2017-12-01,2645.100098,2642.219971
2017-12-04,2657.189941,2639.439941
2017-12-05,2639.780029,2629.570068
2017-12-06,2626.239990,2629.270020
2017-12-07,2628.379883,2636.979980
2017-12-08,2646.209961,2651.500000
2017-12-11,2652.189941,2659.989990
2017-12-12,2661.729980,2664.110107
2017-12-13,2667.590088,2662.850098
2017-12-14,2665.870117,2652.010010
2017-12-15,2660.629883,2675.810059
2017-12-18,2685.919922,2690.159912
2017-12-19,2692.709961,2681.469971
2017-12-20,2688.179932,2679.250000
2017-12-21,2683.020020,2684.570068
2017-12-22,2684.219971,2683.340088
2017-12-26,2679.090088,2680.500000
2017-12-27,2682.100098,2682.620117
2017-12-28,2686.100098,2687.540039
2017-12-29,2689.149902,2673.610107
2018-01-02,2683.729980,2695.810059
2018-01-03,2697.850098,2713.060059
2018-01-04,2719.310059,2723.989990
2018-01-05,2731.330078,2743.149902
2018-01-08,2742.669922,2747.709961
2018-01-09,2751.149902,2751.290039
2018-01-10,2745.550049,2748.229980
2018-01-11,2752.969971,2767.560059
2018-01-12,2770.179932,2786.239990
2018-01-16,2798.959961,2776.419922
2018-01-17,2784.989990,2802.560059
2018-01-18,2802.399902,2798.030029
2018-01-19,2802.600098,2810.300049
2018-01-22,2809.159912,2832.969971
2018-01-23,2835.050049,2839.129883
2018-01-24,2845.419922,2837.540039
2018-01-25,2846.239990,2839.250000
2018-01-26,2847.479980,2872.870117
2018-01-29,2867.229980,2853.530029
2018-01-30,2832.739990,2822.429932
2018-01-31,2832.409912,2823.810059
2018-02-01,2816.449951,2821.979980
2018-02-02,2808.919922,2762.129883
2018-02-05,2741.060059,2648.939941
2018-02-06,2614.780029,2695.139893
2018-02-07,2690.949951,2681.659912
2018-02-08,2685.010010,2581.000000
2018-02-09,2601.780029,2619.550049
2018-02-12,2636.750000,2656.000000
2018-02-13,2646.270020,2662.939941
2018-02-14,2651.209961,2698.629883
2018-02-15,2713.459961,2731.199951
2018-02-16,2727.139893,2732.219971
2018-02-20,2722.989990,2716.260010
2018-02-21,2720.530029,2701.330078
2018-02-22,2710.419922,2703.959961
2018-02-23,2715.800049,2747.300049
2018-02-26,2757.370117,2779.600098
2018-02-27,2780.449951,2744.280029
2018-02-28,2753.780029,2713.830078
2018-03-01,2715.219971,2677.669922
2018-03-02,2658.889893,2691.250000
2018-03-05,2681.060059,2720.939941
2018-03-06,2730.179932,2728.120117
2018-03-07,2710.179932,2726.800049
2018-03-08,2732.750000,2738.969971
2018-03-09,2752.909912,2786.570068
2018-03-12,2790.540039,2783.020020
2018-03-13,2792.310059,2765.310059
2018-03-14,2774.060059,2749.479980
2018-03-15,2754.270020,2747.330078
2018-03-16,2750.570068,2752.010010
2018-03-19,2741.379883,2712.919922
2018-03-20,2715.050049,2716.939941
2018-03-21,2714.989990,2711.929932
2018-03-22,2691.360107,2643.689941
2018-03-23,2646.709961,2588.260010
2018-03-26,2619.350098,2658.550049
2018-03-27,2667.570068,2612.620117
2018-03-28,2611.300049,2605.000000
2018-03-29,2614.409912,2640.870117
2018-04-02,2633.449951,2581.879883
2018-04-03,2592.169922,2614.449951
2018-04-04,2584.040039,2644.689941
2018-04-05,2657.360107,2662.840088
2018-04-06,2645.820068,2604.469971
2018-04-09,2617.179932,2613.159912
2018-04-10,2638.409912,2656.870117
2018-04-11,2643.889893,2642.189941
2018-04-12,2653.830078,2663.989990
2018-04-13,2676.899902,2656.300049
2018-04-16,2670.100098,2677.840088
2018-04-17,2692.739990,2706.389893
2018-04-18,2710.110107,2708.639893
2018-04-19,2701.159912,2693.129883
2018-04-20,2692.560059,2670.139893
2018-04-23,2675.399902,2670.290039
2018-04-24,2680.800049,2634.560059
2018-04-25,2634.919922,2639.399902
2018-04-26,2651.649902,2666.939941
2018-04-27,2675.469971,2669.909912
2018-04-30,2682.510010,2648.050049
2018-05-01,2642.959961,2654.800049
2018-05-02,2654.239990,2635.669922
2018-05-03,2628.080078,2629.729980
2018-05-04,2621.449951,2663.419922
2018-05-07,2680.340088,2672.629883
2018-05-08,2670.260010,2671.919922
2018-05-09,2678.120117,2697.790039
2018-05-10,2705.020020,2723.070068
2018-05-11,2722.699951,2727.719971
2018-05-14,2738.469971,2730.129883
2018-05-15,2718.590088,2711.449951
2018-05-16,2712.620117,2722.459961
2018-05-17,2719.709961,2720.129883
2018-05-18,2717.350098,2712.969971
2018-05-21,2735.389893,2733.010010
2018-05-22,2738.340088,2724.439941
2018-05-23,2713.979980,2733.290039
2018-05-24,2730.939941,2727.760010
2018-05-25,2723.600098,2721.330078
2018-05-29,2705.110107,2689.860107
2018-05-30,2702.429932,2724.010010
2018-05-31,2720.979980,2705.270020
2018-06-01,2718.699951,2734.620117
2018-06-04,2741.669922,2746.870117
2018-06-05,2748.459961,2748.800049
2018-06-06,2753.250000,2772.350098
2018-06-07,2774.840088,2770.370117
2018-06-08,2765.840088,2779.030029
2018-06-11,2780.179932,2782.000000
2018-06-12,2785.600098,2786.850098
2018-06-13,2787.939941,2775.629883
2018-06-14,2783.209961,2782.489990
2018-06-15,2777.780029,2779.659912
2018-06-18,2765.790039,2773.750000
2018-06-19,2752.010010,2762.590088
2018-06-20,2769.729980,2767.320068
2018-06-21,2769.280029,2749.760010
2018-06-22,2760.790039,2754.879883
2018-06-25,2742.939941,2717.070068
2018-06-26,2722.120117,2723.060059
2018-06-27,2728.449951,2699.629883
2018-06-28,2698.689941,2716.310059
2018-06-29,2727.129883,2718.370117
2018-07-02,2704.949951,2726.709961
2018-07-03,2733.270020,2713.219971
2018-07-05,2724.189941,2736.610107
2018-07-06,2737.679932,2759.820068
2018-07-09,2775.620117,2784.169922
2018-07-10,2788.560059,2793.840088
2018-07-11,2779.820068,2774.020020
2018-07-12,2783.139893,2798.290039
2018-07-13,2796.929932,2801.310059
2018-07-16,2797.360107,2798.429932
2018-07-17,2789.340088,2809.550049
2018-07-18,2811.350098,2815.620117
2018-07-19,2809.370117,2804.489990
2018-07-20,2804.550049,2801.830078
2018-07-23,2799.169922,2806.979980
2018-07-24,2820.679932,2820.399902
2018-07-25,2817.729980,2846.070068
2018-07-26,2835.489990,2837.439941
2018-07-27,2842.350098,2818.820068
2018-07-30,2819.000000,2802.600098
2018-07-31,2809.729980,2816.290039
2018-08-01,2821.169922,2813.360107
2018-08-02,2800.479980,2827.219971
2018-08-03,2829.620117,2840.350098
2018-08-06,2840.290039,2850.399902
2018-08-07,2855.919922,2858.449951
2018-08-08,2856.790039,2857.699951
2018-08-09,2857.189941,2853.580078
2018-08-10,2838.899902,2833.280029
2018-08-13,2835.459961,2821.929932
2018-08-14,2827.879883,2839.959961
2018-08-15,2827.949951,2818.370117
2018-08-16,2831.439941,2840.689941
2018-08-17,2838.320068,2850.129883
2018-08-20,2853.929932,2857.050049
2018-08-21,2861.510010,2862.959961
2018-08-22,2860.989990,2861.820068
2018-08-23,2860.290039,2856.979980
2018-08-24,2862.350098,2874.689941
2018-08-27,2884.689941,2896.739990
2018-08-28,2901.449951,2897.520020
2018-08-29,2900.620117,2914.040039
2018-08-30,2908.939941,2901.129883
2018-08-31,2898.370117,2901.520020
2018-09-04,2896.959961,2896.719971
2018-09-05,2891.590088,2888.600098
2018-09-06,2888.639893,2878.050049
2018-09-07,2868.260010,2871.679932
2018-09-10,2881.389893,2877.129883
2018-09-11,2871.570068,2887.889893
2018-09-12,2888.290039,2888.919922
2018-09-13,2896.850098,2904.179932
2018-09-14,2906.379883,2904.979980
2018-09-17,2903.830078,2888.800049
2018-09-18,2890.739990,2904.310059
2018-09-19,2906.600098,2907.949951
2018-09-20,2919.729980,2930.750000
2018-09-21,2936.760010,2929.669922
2018-09-24,2921.830078,2919.370117
2018-09-25,2921.750000,2915.560059
2018-09-26,2916.979980,2905.969971
2018-09-27,2911.649902,2914.000000
2018-09-28,2910.030029,2913.979980
2018-10-01,2926.290039,2924.590088
2018-10-02,2923.800049,2923.429932
2018-10-03,2931.689941,2925.510010
2018-10-04,2919.350098,2901.610107
2018-10-05,2902.540039,2885.570068
2018-10-08,2877.530029,2884.429932
2018-10-09,2882.510010,2880.340088
2018-10-10,2873.899902,2785.679932
2018-10-11,2776.870117,2728.370117
2018-10-12,2770.540039,2767.129883
2018-10-15,2763.830078,2750.790039
